100,real.PM
101,real.SBX
103,real.SBX
105,real.SBX
107,real.PM
108,real.PM
109,real.PM
110,real.SBX
112,real.PM
113,real.PM
114,real.PM
115,real.PM
116,real.SBX
118,real.SBX
120,real.SBX
122,real.PM
123,real.SBX
125,real.SBX
127,real.SBX
129,real.PM
130,real.SBX
132,real.SBX
134,real.SBX
136,real.SBX
138,real.SBX
140,real.PM
141,real.SBX
143,real.PM
144,real.SBX
146,real.SBX
148,real.PM
149,real.SBX
151,real.PM
152,real.PM
153,real.PM
154,real.SBX
156,real.PM
157,real.SBX
159,real.SBX
161,real.SBX
163,real.SBX
165,real.SBX
167,real.SBX
169,real.PM
170,real.SBX
172,real.SBX
174,real.PM
175,real.PM
176,real.PM
177,real.SBX
179,real.PM
180,real.PM
181,real.PM
182,real.PM
183,real.PM
184,real.SBX
186,real.PM
187,real.SBX
189,real.PM
190,real.SBX
192,real.PM
193,real.SBX
195,real.PM
196,real.PM
197,real.SBX
199,real.PM
200,real.SBX
202,real.SBX
204,real.PM
205,real.SBX
207,real.PM
208,real.SBX
210,real.PM
211,real.SBX
213,real.PM
214,real.PM
215,real.PM
216,real.SBX
218,real.PM
219,real.PM
220,real.PM
221,real.PM
222,real.PM
223,real.PM
224,real.PM
225,real.PM
226,real.PM
227,real.SBX
229,real.PM
230,real.PM
231,real.PM
232,real.PM
233,real.PM
234,real.PM
235,real.PM
236,real.PM
237,real.PM
238,real.SBX
240,real.SBX
242,real.SBX
244,real.SBX
246,real.PM
247,real.SBX
249,real.SBX
251,real.PM
252,real.PM
253,real.SBX
255,real.SBX
257,real.SBX
259,real.SBX
261,real.SBX
263,real.PM
264,real.PM
265,real.PM
266,real.SBX
268,real.SBX
270,real.PM
271,real.SBX
273,real.SBX
275,real.SBX
277,real.SBX
279,real.SBX
281,real.SBX
283,real.SBX
285,real.PM
286,real.SBX
288,real.PM
289,real.PM
290,real.SBX
292,real.SBX
294,real.SBX
296,real.SBX
298,real.SBX
300,real.SBX
302,real.SBX
304,real.SBX
306,real.SBX
308,real.SBX
310,real.PM
311,real.SBX
313,real.SBX
315,real.SBX
317,real.PM
318,real.PM
319,real.SBX
321,real.PM
322,real.PM
323,real.PM
324,real.PM
325,real.SBX
327,real.SBX
329,real.PM
330,real.PM
331,real.PM
332,real.PM
333,real.PM
334,real.PM
335,real.PM
336,real.PM
337,real.PM
338,real.SBX
340,real.SBX
342,real.SBX
344,real.PM
345,real.SBX
347,real.PM
348,real.PM
349,real.PM
350,real.PM
351,real.PM
352,real.PM
353,real.PM
354,real.PM
355,real.PM
356,real.PM
357,real.PM
358,real.SBX
360,real.SBX
362,real.PM
363,real.PM
364,real.SBX
366,real.PM
367,real.SBX
369,real.PM
370,real.SBX
372,real.PM
373,real.PM
374,real.SBX
376,real.PM
377,real.PM
378,real.SBX
380,real.SBX
382,real.SBX
384,real.SBX
386,real.SBX
388,real.SBX
390,real.SBX
392,real.SBX
394,real.SBX
396,real.SBX
398,real.SBX
400,real.SBX
402,real.PM
403,real.PM
404,real.PM
405,real.PM
406,real.SBX
408,real.PM
409,real.SBX
411,real.SBX
413,real.SBX
415,real.PM
416,real.PM
417,real.SBX
419,real.PM
420,real.PM
421,real.PM
422,real.PM
423,real.SBX
425,real.SBX
427,real.PM
428,real.SBX
430,real.SBX
432,real.SBX
434,real.SBX
436,real.PM
437,real.PM
438,real.SBX
440,real.SBX
442,real.SBX
444,real.SBX
446,real.SBX
448,real.SBX
450,real.PM
451,real.PM
452,real.PM
453,real.PM
454,real.SBX
456,real.SBX
458,real.SBX
460,real.SBX
462,real.SBX
464,real.SBX
466,real.SBX
468,real.SBX
470,real.SBX
472,real.SBX
474,real.SBX
476,real.SBX
478,real.PM
479,real.SBX
481,real.PM
482,real.SBX
484,real.SBX
486,real.SBX
488,real.SBX
490,real.PM
491,real.SBX
493,real.SBX
495,real.PM
496,real.PM
497,real.SBX
499,real.SBX
501,real.PM
502,real.PM
503,real.PM
504,real.PM
505,real.PM
506,real.PM
507,real.PM
508,real.SBX
510,real.PM
511,real.PM
512,real.PM
513,real.SBX
515,real.SBX
517,real.SBX
519,real.PM
520,real.SBX
522,real.PM
523,real.PM
524,real.PM
525,real.PM
526,real.SBX
528,real.SBX
530,real.PM
531,real.SBX
533,real.SBX
535,real.SBX
537,real.SBX
539,real.SBX
541,real.SBX
543,real.PM
544,real.SBX
546,real.PM
547,real.PM
548,real.SBX
550,real.SBX
552,real.SBX
554,real.PM
555,real.PM
556,real.PM
557,real.PM
558,real.SBX
560,real.SBX
562,real.PM
563,real.SBX
565,real.SBX
567,real.SBX
569,real.PM
570,real.SBX
572,real.SBX
574,real.PM
575,real.PM
576,real.SBX
578,real.PM
579,real.PM
580,real.PM
581,real.PM
582,real.PM
583,real.PM
584,real.PM
585,real.SBX
587,real.PM
588,real.SBX
590,real.PM
591,real.PM
592,real.PM
593,real.PM
594,real.SBX
596,real.PM
597,real.SBX
599,real.SBX
601,real.PM
602,real.PM
603,real.PM
604,real.PM
605,real.PM
606,real.PM
607,real.SBX
609,real.SBX
611,real.PM
612,real.PM
613,real.PM
614,real.PM
615,real.PM
616,real.PM
617,real.PM
618,real.PM
619,real.PM
620,real.PM
621,real.PM
622,real.SBX
624,real.PM
625,real.SBX
627,real.PM
628,real.PM
629,real.PM
630,real.PM
631,real.PM
632,real.SBX
634,real.SBX
636,real.PM
637,real.PM
638,real.SBX
640,real.SBX
642,real.SBX
644,real.PM
645,real.PM
646,real.SBX
648,real.SBX
650,real.PM
651,real.PM
652,real.SBX
654,real.PM
655,real.SBX
657,real.PM
658,real.SBX
660,real.SBX
662,real.PM
663,real.PM
664,real.PM
665,real.PM
666,real.PM
667,real.PM
668,real.SBX
670,real.PM
671,real.PM
672,real.SBX
674,real.SBX
676,real.PM
677,real.SBX
679,real.SBX
681,real.PM
682,real.PM
683,real.PM
684,real.PM
685,real.PM
686,real.PM
687,real.SBX
689,real.PM
690,real.SBX
692,real.SBX
694,real.PM
695,real.SBX
697,real.SBX
699,real.PM
700,real.SBX
702,real.PM
703,real.SBX
705,real.PM
706,real.PM
707,real.PM
708,real.PM
709,real.PM
710,real.PM
711,real.PM
712,real.SBX
714,real.SBX
716,real.SBX
718,real.SBX
720,real.SBX
722,real.SBX
724,real.SBX
726,real.PM
727,real.SBX
729,real.PM
730,real.PM
731,real.PM
732,real.PM
733,real.PM
734,real.SBX
736,real.PM
737,real.SBX
739,real.PM
740,real.PM
741,real.SBX
743,real.SBX
745,real.PM
746,real.PM
747,real.SBX
749,real.PM
750,real.PM
751,real.SBX
753,real.SBX
755,real.SBX
757,real.PM
758,real.PM
759,real.PM
760,real.PM
761,real.SBX
763,real.SBX
765,real.PM
766,real.SBX
768,real.PM
769,real.SBX
771,real.SBX
773,real.SBX
775,real.SBX
777,real.SBX
779,real.SBX
781,real.SBX
783,real.PM
784,real.SBX
786,real.PM
787,real.PM
788,real.SBX
790,real.SBX
792,real.PM
793,real.PM
794,real.PM
795,real.SBX
797,real.SBX
799,real.PM
800,real.SBX
802,real.SBX
804,real.SBX
806,real.SBX
808,real.SBX
810,real.SBX
812,real.SBX
814,real.SBX
816,real.SBX
818,real.SBX
820,real.SBX
822,real.SBX
824,real.SBX
826,real.SBX
828,real.PM
829,real.PM
830,real.PM
831,real.PM
832,real.SBX
834,real.SBX
836,real.SBX
838,real.SBX
840,real.SBX
842,real.SBX
844,real.SBX
846,real.SBX
848,real.PM
849,real.SBX
851,real.PM
852,real.SBX
854,real.SBX
856,real.SBX
858,real.PM
859,real.SBX
861,real.PM
862,real.PM
863,real.PM
864,real.PM
865,real.PM
866,real.SBX
868,real.PM
869,real.PM
870,real.PM
871,real.PM
872,real.PM
873,real.PM
874,real.PM
875,real.PM
876,real.SBX
878,real.SBX
880,real.SBX
882,real.PM
883,real.SBX
885,real.PM
886,real.SBX
888,real.SBX
890,real.SBX
892,real.SBX
894,real.SBX
896,real.PM
897,real.PM
898,real.PM
899,real.SBX
901,real.PM
902,real.PM
903,real.PM
904,real.PM
905,real.PM
906,real.SBX
908,real.SBX
910,real.SBX
912,real.SBX
914,real.PM
915,real.SBX
917,real.PM
918,real.PM
919,real.PM
920,real.PM
921,real.PM
922,real.PM
923,real.PM
924,real.PM
925,real.PM
926,real.SBX
928,real.SBX
930,real.SBX
932,real.SBX
934,real.SBX
936,real.PM
937,real.SBX
939,real.SBX
941,real.PM
942,real.SBX
944,real.SBX
946,real.SBX
948,real.PM
949,real.PM
950,real.PM
951,real.PM
952,real.PM
953,real.PM
954,real.PM
955,real.SBX
957,real.PM
958,real.PM
959,real.PM
960,real.PM
961,real.PM
962,real.PM
963,real.PM
964,real.PM
965,real.SBX
967,real.SBX
969,real.SBX
971,real.PM
972,real.SBX
974,real.SBX
976,real.SBX
978,real.SBX
980,real.SBX
982,real.PM
983,real.PM
984,real.SBX
986,real.SBX
988,real.SBX
990,real.PM
991,real.SBX
993,real.SBX
995,real.SBX
997,real.SBX
999,real.SBX
